NAME,REG NO
EDWIN OWINO,SCT211-0725/2021
IRUNGU NELSON MUNGAI,SCT211-0002/2021
OMONDI GLEN OCHIENG,SCT211-0035/2021
ASHRAF MOHAMMED HASSAN ANIL,SCT211-0255/2021
CHARLES DAUDI BALILA,SCT211-0583/2021
PRECIOUS ANYANGU,SCT211-0034/2021
MARY WAMBUI,SCT211-0470/2021
JUDD MARC ODOYO,SCT211-0744/2021
BRIANNA VUDEMBEKE,SCT211-0017/2021
STEPHEN GICHUHI,SCT211-0020/2021
MBUGUA JAMES NJENGA,SCT211-0033/2020
RON TIMOTHY GITONGA NDWIGA,SCT211-0036/2021
LEWIS MUCHOKI,SCT211-0018/2020
LEWIS MUNENE KIRIMI,SCT211-0014/2021
ERIC SALAMBA,SCT211-0003/2021
WILSON NJAIYA MWAURA,SCT211-0310/2020
VINCENT NYAGA,SCT211-0013/2021
PATRICK WARURU,SCT211-0486/2020
VINCENT ALLAN,SCT211-0025/2021
IVY MUTHONI,SCT211-0011/2021
NJOROGE VALMA MUCERA,SCT211-0019/2021
SHEM NICHOLAS OPIYO,SCT211-0509/2021
DYLLAN MACHARIA,SCT211-0511/2021
NGUGI ESTHER MUGURE,SCT211-0018/2021
GRACE DEBRA OCHIENG,SCT211-0006/2021
MUTHUSI H NZISA,SCT211-0199/2021
ZAINAB MUSA,SCT211-0510/2021
EMMANUEL MULWA MUASYA,SCT211-0008/2021
ANTONY GITHINJI MWANGI,SCT211-0653/2021
DENNIS MWENDWA,SCT211-0743/2021
MUTUGI CRAIG MUTEGI,SCT211-0015/2021
MWAURA DAVID,SCT211-0002/2020
ANCENTUS MUIA MAKAU,SCT211-0469/2021
MAGUTU NYARANGO,SCT211-0030/2020
LEON AGGREY ANDURU,SCT211-0033/2021
KENYATTA PETER CHACHA,SCT211-0032/2021
DENNIS BUSOLO,SCT211-0309/2020
DUNCAN KIARIE,SCT211-0042/2017
ERIC KAHINDI,SCT211-0028/2021
SAMUEL WAINAINA ODHIAMBO,SCT211-0039/2021
MAXWELL CHANZU,SCT211-0722/2021
KEITH KAREITHI,SCT211-0021/2021
KEVIN OGABA,SCT211-0026/2018
KIHORO SANDRA,SCT211-0308/2020
PETER KIBUCHI,SCT211-0221/2018
ISAAC KARIITHI NYORO,SCT211-0700/2021